Area;Year;Population;Violent-crime-number;Violent-crime-number-rate;Murder-and-nonnegligent-manslaughter;Murder-and-nonnegligent-manslaughter-rate;Rape;Rape-rate;Robbery;Robbery-rate;Aggravated-assault;Aggravated-assault-rate;Property-crime;Property-crime-rate;Burglary;Burglary-rate;Larceny-theft;Larceny-theft-rate;Motor-vehicle-theft;Motor-vehicle-theft-rate;
Connecticut;2009;3518288;10588;300,9;106;3,0;657;18,7;4001;113,7;5824;165,5;82625;2348,4;15172;431,2;59992;1705,1;7461;212,1;
Connecticut;2010;3574097;10057;281,4;130;3,6;583;16,3;3553;99,4;5791;162,0;78386;2193,2;15172;424,5;56507;1581,0;6707;187,7;
Connecticut;2011;3586717;9889;275,7;129;3,6;689;19,2;3689;102,9;5382;150,1;77205;2152,5;15468;431,3;55067;1535,3;6670;186,0;
Connecticut;2012;3590347;10160;283,0;146;4,1;919;25,6;3687;102,7;5408;150,6;76834;2140,0;14711;409,7;55674;1550,7;6449;179,6;
Connecticut;2013;3599341;9439;262,2;91;2,5;647;18,0;3551;98,7;4906;136,3;71274;1980,2;12934;359,3;52099;1447,5;6241;173,4;
Connecticut;2014;3596677;8522;236,9;86;2,4;571;15,9;3159;87,8;4495;125,0;69070;1920,4;11955;332,4;51005;1418,1;6110;169,9;
Connecticut;2015;3590886;7845;218,5;117;3,3;582;16,2;2892;80,5;4063;113,1;65066;1812,0;10053;280,0;48675;1355,5;6338;176,5;
Maine;2009;1318301;1580;119,9;26;2,0;375;28,4;399;30,3;780;59,2;31706;2405,1;6729;510,4;23955;1817,1;1022;77,5;
Maine;2010;1328361;1621;122,0;24;1,8;389;29,3;414;31,2;794;59,8;32934;2479,3;7359;554,0;24585;1850,8;990;74,5;
Maine;2011;1328544;1638;123,3;26;2,0;394;29,7;370;27,9;848;63,8;33829;2546,3;7865;592,0;24886;1873,2;1078;81,1;
Maine;2012;1329192;1631;122,7;25;1,9;372;28,0;423;31,8;811;61,0;33361;2509,9;7461;561,3;24905;1873,7;995;74,9;
Maine;2013;1328702;1761;132,5;24;1,8;366;27,5;335;25,2;907;68,3;30454;2292,0;6480;487,7;23063;1735,8;911;68,6;
Maine;2014;1330089;1700;127,8;21;1,6;360;27,1;304;22,9;890;66,9;26421;1986,4;5030;378,2;20592;1548,2;799;60,1;
Maine;2015;1329328;1729;130,1;23;1,7;354;26,6;311;23,4;921;69,3;24327;1830,0;4684;352,4;18829;1416,4;814;61,2;
Massachusetts;2009;6593587;30503;462,6;173;2,6;1734;26,3;7467;113,2;21129;320,4;153178;2323,1;34515;523,5;106799;1619,7;11864;179,9;
Massachusetts;2010;6547629;30553;466,6;210;3,2;1745;26,7;6874;105,0;21724;331,8;153905;2350,5;37767;576,8;104685;1598,8;11453;174,9;
Massachusetts;2011;6607003;28232;427,3;184;2,8;1654;25,0;6768;102,4;19626;297,0;148829;2252,6;36403;551,0;101644;1538,4;10782;163,2;
Massachusetts;2012;6646144;26953;405,5;121;1,8;1642;24,7;6552;98,6;18638;280,4;143089;2153,0;34540;519,7;99317;1494,4;9232;138,9;
Massachusetts;2013;6708874;27264;406,4;138;2,1;1722;25,7;6705;99,9;18118;270,1;137274;2046,2;30716;457,8;97437;1452,4;9121;136,0;
Massachusetts;2014;6745408;26399;391,4;132;2,0;1629;24,1;6036;89,5;18051;267,6;125267;1857,1;24964;370,1;92043;1364,5;8260;122,5;
Massachusetts;2015;6794422;26562;390,9;128;1,9;1608;23,7;5288;77,8;19071;280,7;114871;1690,7;21890;322,2;84912;1249,7;8069;118,8;
New Hampshire;2009;1324575;2125;160,4;11;0,8;399;30,1;454;34,3;1261;95,2;28790;2173,5;4915;371,1;22748;1717,4;1127;85,1;
New Hampshire;2010;1316470;2198;167,0;13;1,0;412;31,3;451;34,3;1322;100,4;28782;2186,3;5441;413,3;22373;1699,5;968;73,5;
New Hampshire;2011;1317807;2864;217,3;16;1,2;581;44,1;509;38,6;1758;133,4;32756;2485,6;6244;473,8;25398;1927,3;1114;84,5;
New Hampshire;2012;1320718;2481;187,9;15;1,1;449;34,0;472;35,7;1545;117,0;30693;2324,0;5444;412,2;24226;1834,3;1023;77,5;
New Hampshire;2013;1322616;2952;223,2;21;1,6;522;39,5;647;48,9;1506;113,9;29278;2213,6;4979;376,5;23355;1765,8;944;71,4;
New Hampshire;2014;1326813;2602;196,1;12;0,9;458;34,5;537;40,5;1459;110,0;26041;1962,7;4162;313,7;21022;1584,4;857;64,6;
New Hampshire;2015;1330608;2652;199,3;14;1,1;461;34,6;468;35,2;1543;116,0;23229;1745,7;3467;260,6;18871;1418,2;891;67,0;
Rhode Island;2009;1053209;2678;254,3;32;3,0;296;28,1;785;74,5;1565;148,6;27558;2616,6;5753;546,2;19403;1842,3;2402;228,1;
Rhode Island;2010;1052567;2701;256,6;29;2,8;296;28,1;780;74,1;1596;151,6;26910;2556,6;6121;581,5;18390;1747,2;2399;227,9;
Rhode Island;2011;1050646;2586;246,1;20;1,9;319;30,4;744;70,8;1503;143,1;27976;2662,7;6836;650,6;18765;1786,0;2375;226,1;
Rhode Island;2012;1050292;2651;252,4;34;3,2;288;27,4;713;67,9;1616;153,9;27017;2572,3;5949;566,4;18440;1755,7;2628;250,2;
Rhode Island;2013;1053354;2710;257,3;31;2,9;333;31,6;683;64,8;1547;146,9;25741;2443,7;5621;533,6;17881;1697,5;2239;212,6;
Rhode Island;2014;1055173;2313;219,2;25;2,4;253;24,0;529;50,1;1398;132,5;22935;2173,6;4823;457,1;16279;1542,8;1833;173,7;
Rhode Island;2015;1056298;2562;242,5;29;2,7;338;32,0;556;52,6;1518;143,7;20043;1897,5;3947;373,7;14707;1392,3;1389;131,5;
Vermont;2009;621760;837;134,6;8;1,3;132;21,2;111;17,9;586;94,2;15010;2414,1;3471;558,3;11090;1783,6;449;72,2;
Vermont;2010;625741;815;130,2;7;1,1;132;21,1;74;11,8;602;96,2;14281;2282,3;3366;537,9;10474;1673,9;441;70,5;
Vermont;2011;626592;925;147,6;11;1,8;146;23,3;99;15,8;669;106,8;15086;2407,6;3838;612,5;10720;1710,8;528;84,3;
Vermont;2012;626011;893;142,6;8;1,3;121;19,3;112;17,9;652;104,2;15016;2398,7;3965;633,4;10616;1695,8;435;69,5;
Vermont;2013;1053354;2710;257,3;31;2,9;333;31,6;683;64,8;1547;146,9;25741;2443,7;5621;533,6;17881;1697,5;2239;212,6;
Vermont;2014;1055173;2313;219,2;25;2,4;253;24,0;529;50,1;1398;132,5;22935;2173,6;4823;457,1;16279;1542,8;1833;173,7;
Vermont;2015;626042;739;118,0;10;1,6;121;19,3;101;16,1;492;78,6;8806;1406,6;1968;314,4;6660;1063,8;178;28,4;
New Jersey;2009;8707739;27113;311,4;319;3,7;1041;12,0;11639;133,7;14114;162,1;180752;2075,8;36945;424,3;128303;1473,4;15504;178,0;
New Jersey;2010;8791894;27055;307,7;371;4,2;981;11,2;11818;134,4;13885;157,9;183042;2081,9;38732;440,5;128754;1464,5;15556;176,9;
New Jersey;2011;8834773;27203;307,9;380;4,3;1006;11,4;12209;138,2;13608;154,0;189719;2147,4;43238;489,4;129066;1460,9;17415;197,1;
New Jersey;2012;8864590;25727;290,2;388;4,4;1035;11,7;11385;128,4;12919;145,7;181481;2047,3;42338;477,6;122662;1383,7;16481;185,9;
New Jersey;2013;8911502;25748;288,9;404;4,5;861;9,7;12084;135,6;12071;135,5;167634;1881,1;35883;402,7;118005;1324,2;13746;154,3;
New Jersey;2014;8938175;23346;261,2;349;3,9;953;10,7;10498;117,5;11225;125,6;154993;1734,1;31710;354,8;111578;1248,3;11705;131,0;
New Jersey;2015;8958013;22879;255,4;363;4,1;1019;11,4;9729;108,6;11414;127,4;145701;1626,5;27960;312,1;105963;1182,9;11778;131,5;
New York;2009;19541453;75110;384,4;781;4,0;2582;13,2;28141;144,0;43606;223,1;377537;1932,0;62769;321,2;292897;1498,8;21871;111,9;
New York;2010;19378102;75977;392,1;866;4,5;2771;14,3;28473;146,9;43867;226,4;376161;1941,2;64973;335,3;290755;1500,4;20433;105,4;
New York;2011;19501616;77463;397,2;769;3,9;2751;14,1;28405;145,7;45538;233,5;371837;1906,7;65227;334,5;287361;1473,5;19249;98,7;
New York;2012;19570261;79610;406,8;684;3,5;2848;14,6;28655;146,4;47423;242,3;376140;1922,0;64553;329,9;294239;1503,5;17348;88,6;
New York;2013;19695680;77563;393,8;644;3,3;2575;13,1;27241;138,3;46130;234,2;358603;1820,7;56444;286,6;286676;1455,5;15483;78,6;
New York;2014;19746227;75398;381,8;617;3,1;3918;19,8;24045;121,8;45303;229,4;339282;1718,2;50781;257,2;272765;1381,4;15736;79,7;
New York;2015;19795791;75165;379,7;609;3,1;4389;22,2;23936;120,9;44546;225,0;317529;1604,0;44276;223,7;257940;1303,0;15313;77,4;
Pennsylvania;2009;12604767;48188;382,3;664;5,3;3626;28,8;17504;138,9;26394;209,4;277182;2199,0;54772;434,5;204588;1623,1;17822;141,4;
Pennsylvania;2010;12702379;46514;366,2;657;5,2;3415;26,9;16362;128,8;26080;205,3;276023;2173,0;55171;434,3;204183;1607,4;16669;131,2;
Pennsylvania;2011;12743948;46189;362,4;639;5,0;3339;26,2;16165;126,8;26046;204,4;283442;2224,1;57966;454,9;208604;1636,9;16872;132,4;
Pennsylvania;2012;12763536;44503;348,7;685;5,4;3327;26,1;15673;122,8;24818;194,4;276496;2166,3;56859;445,5;204609;1603,1;15028;117,7;
Pennsylvania;2013;12781296;42825;335,1;611;4,8;2728;21,3;14739;115,3;23680;185,3;263176;2059,1;52000;406,8;197410;1544,5;13766;107,7;
Pennsylvania;2014;12787209;40164;314,1;614;4,8;2787;21,8;13534;105,8;22189;173,5;247016;1931,7;45720;357,5;188256;1472,2;13040;102,0;
Pennsylvania;2015;12802503;40339;315,1;658;5,1;3122;24,4;13003;101,6;22373;174,8;232085;1812,8;39664;309,8;180287;1408,2;12134;94,8;
Illinois;2009;12910409;64185;497,2;773;6,0;3901;30,2;22923;177,6;36588;283,4;353347;2736,9;77850;603,0;248821;1927,3;26676;206,6;
Illinois;2010;12830632;55835;435,2;706;5,5;3033;23,6;20054;156,3;32042;249,7;343989;2681,0;75399;587,6;239794;1868,9;28796;224,4;
Illinois;2011;12859752;54523;424,0;781;6,1;3030;23,6;20217;157,2;30495;237,1;344468;2678,7;77719;604,4;237362;1845,8;29387;228,5;
Illinois;2012;12875255;53403;414,8;744;5,8;3570;27,7;19471;151,2;29618;230,0;332013;2578,7;71101;552,2;235222;1826,9;25690;199,5;
Illinois;2013;12890552;51956;403,1;722;5,6;3895;30,2;17733;137,6;28161;218,5;296048;2296,6;59093;458,4;216059;1676,1;20896;162,1;
Illinois;2014;12880580;47663;370,0;685;5,3;3081;23,9;15299;118,8;27520;213,7;267385;2075,9;50008;388,2;199926;1552,2;17451;135,5;
Illinois;2015;12859995;49354;383,8;744;5,8;3549;27,6;14910;115,9;28879;224,6;255729;1988,6;46443;361,1;191634;1490,2;17652;137,3;
Indiana;2009;6423113;21455;334,0;312;4,9;1621;25,2;7347;114,4;12175;189,5;199907;3112,3;48880;761,0;137190;2135,9;13837;215,4;
Indiana;2010;6483802;20389;314,5;292;4,5;1761;27,2;6219;95,9;12117;186,9;197260;3042,4;47115;726,7;137027;2113,4;13118;202,3;
Indiana;2011;6516353;21619;331,8;306;4,7;1758;27,0;6977;107,1;12578;193,0;206016;3161,5;50571;776,1;140630;2158,1;14815;227,4;
Indiana;2012;6537334;22602;345,7;310;4,7;1667;25,5;6598;100,9;14027;214,6;198032;3029,2;47612;728,3;136759;2092,0;13661;209,0;
Indiana;2013;6570713;23627;359,6;357;5,4;1623;24,7;7114;108,3;13915;211,8;187472;2853,1;42754;650,7;130534;1986,6;14184;215,9;
Indiana;2014;6596855;24099;365,3;330;5,0;1615;24,5;6897;104,5;14686;222,6;174776;2649,4;36893;559,3;124022;1880,0;13861;210,1;
Indiana;2015;6619680;25653;387,5;373;5,6;1789;27,0;7111;107,4;15765;238,2;171847;2596,0;34410;519,8;123918;1872,0;13519;204,2;
Michigan;2009;9969727;49825;499,8;623;6,2;4524;45,4;12427;124,6;32251;323,5;284019;2848,8;76046;762,8;178628;1791,7;29345;294,3;
Michigan;2010;9883640;48460;490,3;567;5,7;4673;47,3;11493;116,3;31727;321,0;268201;2713,6;73868;747,4;166980;1689,5;27353;276,8;
Michigan;2011;9876801;43731;442,8;617;6,2;4344;44,0;10263;103,9;28507;288,6;251329;2544,6;69755;706,3;156666;1586,2;24908;252,2;
Michigan;2012;9883360;44922;454,5;689;7,0;4589;46,4;10434;105,6;29210;295,5;250101;2530,5;65665;664,4;159321;1612,0;25115;254,1;
Michigan;2013;9898193;44757;452,2;625;6,3;4506;45,5;10093;102,0;27254;275,3;230135;2325,0;56256;568,3;149794;1513,3;24085;243,3;
Michigan;2014;9909877;42348;427,3;535;5,4;4049;40,9;8021;80,9;27519;277,7;202547;2043,9;44184;445,9;137206;1384,5;21157;213,5;
Michigan;2015;9922576;41231;415,5;571;5,8;4163;42,0;7796;78,6;26414;266,2;187101;1885,6;40041;403,5;131296;1323,2;15764;158,9;
Ohio;2009;11542645;38305;331,9;527;4,6;4119;35,7;17670;153,1;15989;138,5;376446;3261,3;104009;901,1;249777;2163,9;22660;196,3;
Ohio;2010;11536504;36366;315,2;476;4,1;3699;32,1;16479;142,8;15712;136,2;374381;3245,2;106521;923,3;246742;2138,8;21118;183,1;
Ohio;2011;11541007;35218;305,2;500;4,3;3679;31,9;15991;138,6;15048;130,4;380572;3297,6;112901;978,3;246744;2138,0;20927;181,3;
Ohio;2012;11544225;34595;299,7;495;4,3;3658;31,7;15235;132,0;15207;131,7;359883;3117,4;103421;895,9;236950;2052,5;19512;169,0;
Ohio;2013;11572005;33722;291,4;478;4,1;3594;31,1;14483;125,2;14370;124,2;338414;2924,4;91090;787,2;227799;1968,5;19525;168,7;
Ohio;2014;11594163;33030;284,9;464;4,0;4097;35,3;12753;110,0;14771;127,4;324528;2799,1;78845;680,0;227668;1963,6;18015;155,4;
Ohio;2015;11613423;33898;291,9;500;4,3;4154;35,8;12554;108,1;15695;135,1;300525;2587,7;69303;596,7;213993;1842,6;17229;148,4;
Wisconsin;2009;5654774;14650;259,1;146;2,6;1118;19,8;4904;86,7;8482;150,0;147692;2611,8;26813;474,2;111947;1979,7;8932;158,0;
Wisconsin;2010;5686986;14142;248,7;155;2,7;1187;20,9;4504;79,2;8296;145,9;142612;2507,7;26566;467,1;107908;1897,5;8138;143,1;
Wisconsin;2011;5709843;14268;249,9;138;2,4;1190;20,8;4600;80,6;8340;146,1;139912;2450,4;27167;475,8;104472;1829,7;8273;144,9;
Wisconsin;2012;5726398;16064;280,5;173;3,0;1219;21,3;4622;80,7;10050;175,5;140513;2453,8;27945;488,0;104352;1822,3;8216;143,5;
Wisconsin;2013;5742953;16118;280,7;163;2,8;1308;22,8;4834;84,2;9285;161,7;125694;2188,7;24358;424,1;93946;1635,8;7390;128,7;
Wisconsin;2014;5757564;16714;290,3;165;2,9;1168;20,3;5066;88,0;9809;170,4;120238;2088,3;21216;368,5;89103;1547,6;9919;172,3;
Wisconsin;2015;5771337;17647;305,8;240;4,2;1224;21,2;5232;90,7;10395;180,1;113924;1974,0;19554;338,8;83385;1444,8;10985;190,3;
Iowa;2009;3007856;8485;282,1;38;1,3;890;29,6;1201;39,9;6356;211,3;70080;2329,9;16419;545,9;49757;1654,2;3904;129,8;
Iowa;2010;3046355;8333;273,5;39;1,3;836;27,4;1011;33,2;6447;211,6;68315;2242,5;16656;546,8;47883;1571,8;3776;124,0;
Iowa;2011;3064097;7883;257,3;44;1,4;866;28,3;824;26,9;6149;200,7;72043;2351,2;17573;573,5;50472;1647,2;3998;130,5;
Iowa;2012;3074186;8112;263,9;45;1,5;871;28,3;962;31,3;6234;202,8;69839;2271,8;17096;556,1;48720;1584,8;4023;130,9;
Iowa;2013;3092341;8443;273,0;41;1,3;873;28,2;937;30,3;6332;204,8;67976;2198,2;15918;514,8;47803;1545,9;4255;137,6;
Iowa;2014;3107126;8497;273,5;60;1,9;828;26,6;1045;33,6;6264;201,6;65056;2093,8;14428;464,4;46477;1495,8;4151;133,6;
Iowa;2015;3123899;8936;286,1;72;2,3;851;27,2;1047;33,5;6661;213,2;63957;2047,3;14892;476,7;44723;1431,6;4342;139,0;
Kansas;2009;2818747;11460;406,6;125;4,4;1179;41,8;1786;63,4;8370;296,9;90930;3225,9;19473;690,8;65499;2323,7;5958;211,4;
Kansas;2010;2853118;10531;369,1;100;3,5;1107;38,8;1544;54,1;7780;272,7;89015;3119,9;19404;680,1;63602;2229,2;6009;210,6;
Kansas;2011;2870386;10209;355,7;111;3,9;1122;39,1;1448;50,4;7528;262,3;88655;3088,6;18712;651,9;63259;2203,8;6684;232,9;
Kansas;2012;2885905;10232;354,6;84;2,9;1053;36,5;1500;52,0;7595;263,2;90710;3143,2;18767;650,3;65165;2258,0;6778;234,9;
Kansas;2013;2895801;9928;342,8;117;4,0;1003;34,6;1339;46,2;7177;247,8;85704;2959,6;17476;603,5;61557;2125,7;6671;230,4;
Kansas;2014;2904021;10123;348,6;91;3,1;1075;37,0;1362;46,9;7259;250,0;79431;2735,2;15828;545,0;56697;1952,4;6906;237,8;
Kansas;2015;2911641;11353;389,9;128;4,4;1251;43,0;1818;62,4;7792;267,6;79199;2720,1;15362;527,6;56880;1953,5;6957;238,9;
Minnesota;2009;5266214;12874;244,5;74;1,4;1789;34,0;3619;68,7;7392;140,4;139286;2644,9;25580;485,7;105160;1996,9;8546;162,3;
Minnesota;2010;5303925;12515;236,0;96;1,8;1798;33,9;3388;63,9;7233;136,4;136431;2572,3;24415;460,3;103429;1950,0;8587;161,9;
Minnesota;2011;5347299;12323;230,5;75;1,4;2113;39,5;3385;63,3;6750;126,2;136183;2546,8;25681;480,3;102354;1914,1;8148;152,4;
Minnesota;2012;5379139;12419;230,9;99;1,8;1638;30,5;3475;64,6;7207;134,0;138152;2568,3;25378;471,8;104316;1939,3;8458;157,2;
Minnesota;2013;5422060;12710;234,4;114;2,1;1453;26,8;3674;67,8;6908;127,4;131193;2419,6;22713;418,9;100514;1853,8;7966;146,9;
Minnesota;2014;5457173;12505;229,1;88;1,6;1452;26,6;3687;67,6;6729;123,3;125377;2297,5;20773;380,7;96237;1763,5;8367;153,3;
Minnesota;2015;5489594;13319;242,6;133;2,4;1686;30,7;3771;68,7;7094;129,2;121984;2222,1;19299;351,6;94704;1725,2;7981;145,4;
Missouri;2009;5987580;29513;492,9;387;6,5;1606;26,8;7437;124,2;20083;335,4;201783;3370,0;43591;728,0;140764;2350,9;17428;291,1;
Missouri;2010;5988927;27252;455,0;420;7,0;1432;23,9;6132;102,4;19268;321,7;200414;3346,4;44043;735,4;140320;2343,0;16051;268,0;
Missouri;2011;6008984;26888;447,5;366;6,1;1469;24,4;6275;104,4;18778;312,5;199085;3313,1;44875;746,8;138879;2311,2;15331;255,1;
Missouri;2012;6021988;27155;450,9;389;6,5;1511;25,1;5782;96,0;19473;323,4;199590;3314,4;42466;705,2;140816;2338,4;16308;270,8;
Missouri;2013;6044917;26216;433,7;369;6,1;1679;27,8;5486;90,8;18056;298,7;189655;3137,4;38797;641,8;134514;2225,2;16344;270,4;
Missouri;2014;6063589;26856;442,9;403;6,6;1706;28,1;5592;92,2;18482;304,8;176237;2906,5;35258;581,5;124622;2055,3;16357;269,8;
Missouri;2015;6083672;30261;497,4;502;8,3;1854;30,5;6376;104,8;20830;342,4;173642;2854,2;34006;559,0;122637;2015,8;16999;279,4;
Nebraska;2009;1796619;5199;289,4;41;2,3;617;34,3;1220;67,9;3321;184,8;49731;2768,0;8726;485,7;37496;2087,0;3509;195,3;
Nebraska;2010;1826341;5104;279,5;54;3,0;672;36,8;1025;56,1;3353;183,6;48821;2673,2;8326;455,9;36881;2019,4;3614;197,9;
Nebraska;2011;1842234;4672;253,6;68;3,7;699;37,9;993;53,9;2912;158,1;50894;2762,6;8725;473,6;38060;2066,0;4109;223,0;
Nebraska;2012;1855525;4814;259,4;53;2,9;711;38,3;1130;60,9;2920;157,4;51118;2754,9;8735;470,8;38236;2060,7;4147;223,5;
Nebraska;2013;1868969;4949;264,8;56;3,0;621;33,2;1035;55,4;3011;161,1;49197;2632,3;8945;478,6;35791;1915,0;4461;238,7;
Nebraska;2014;1881503;5275;280,4;54;2,9;620;33,0;1043;55,4;3316;176,2;47479;2523,5;7950;422,5;35074;1864,1;4455;236,8;
Nebraska;2015;1896190;5212;274,9;62;3,3;652;34,4;994;52,4;3283;173,1;42495;2241,1;6422;338,7;32072;1691,4;4001;211,0;
North Dakota;2009;646844;1723;266,4;12;1,9;296;45,8;107;16,5;1308;202,2;12813;1980,8;2426;375,1;9474;1464,6;913;141,1;
North Dakota;2010;672591;1513;225,0;10;1,5;237;35,2;90;13,4;1176;174,8;11895;1768,5;1966;292,3;9070;1348,5;859;127,7;
North Dakota;2011;684740;1699;248,1;24;3,5;266;38,8;91;13,3;1318;192,5;13334;1947,3;2458;359,0;9891;1444,5;985;143,9;
North Dakota;2012;699628;1712;244,7;28;4,0;272;38,9;131;18,7;1281;183,1;14063;2010,1;2377;339,8;10535;1505,8;1151;164,5;
North Dakota;2013;723857;1979;273,4;16;2,2;288;39,8;161;22,2;1447;199,9;15356;2121,4;2979;411,5;10942;1511,6;1435;198,2;
North Dakota;2014;739482;1960;265,1;22;3,0;276;37,3;173;23,4;1407;190,3;15605;2110,3;2707;366,1;11384;1539,5;1514;204,7;
North Dakota;2015;756927;1812;239,4;21;2,8;276;36,5;148;19,6;1298;171,5;16020;2116,5;2997;395,9;11440;1511,4;1583;209,1;
South Dakota;2009;812383;1777;218,7;30;3,7;501;61,7;117;14,4;1129;139,0;14378;1769,9;2621;322,6;10891;1340,6;866;106,6;
South Dakota;2010;814180;2186;268,5;23;2,8;390;47,9;154;18,9;1619;198,9;15082;1852,4;3181;390,7;11106;1364,1;795;97,6;
South Dakota;2011;823593;2105;255,6;20;2,4;503;61,1;167;20,3;1415;171,8;15299;1857,6;2927;355,4;11423;1387,0;949;115,2;
South Dakota;2012;833354;2682;321,8;25;3,0;585;70,2;158;19,0;1914;229,7;17168;2060,1;3258;391,0;12845;1541,4;1065;127,8;
South Dakota;2013;845510;2733;323,2;18;2,1;454;53,7;156;18,5;2052;242,7;16274;1924,8;3383;400,1;11955;1413,9;936;110,7;
South Dakota;2014;853175;2786;326,5;20;2,3;413;48,4;200;23,4;2096;245,7;15902;1863,9;2818;330,3;12077;1415,5;1007;118,0;
South Dakota;2015;858469;3289;383,1;32;3,7;441;51,4;216;25,2;2546;296,6;16680;1943,0;2960;344,8;12532;1459,8;1188;138,4;
Delaware;2009;885122;5713;645,4;41;4,6;395;44,6;1680;189,8;3597;406,4;29685;3353,8;6943;784,4;20836;2354,0;1906;215,3;
Delaware;2010;897934;5575;620,9;48;5,3;312;34,7;1829;203,7;3386;377,1;30963;3448,2;7515;836,9;21519;2396,5;1929;214,8;
Delaware;2011;908137;5144;566,4;48;5,3;307;33,8;1558;171,6;3231;355,8;31163;3431,5;7617;838,8;22001;2422,7;1545;170,1;
Delaware;2012;917092;5020;547,4;57;6,2;243;26,5;1492;162,7;3228;352,0;30639;3340,9;7371;803,7;21832;2380,6;1436;156,6;
Delaware;2013;925240;4633;500,7;41;4,4;278;30,0;1233;133,3;2960;319,9;29001;3134,4;6299;680,8;21347;2307,2;1355;146,4;
Delaware;2014;935614;4576;489,1;54;5,8;249;26,6;1269;135,6;2867;306,4;27900;2982,0;5768;616,5;20865;2230,1;1267;135,4;
Delaware;2015;945934;4720;499,0;63;6,7;243;25,7;1235;130,6;3081;325,7;25455;2691,0;4773;504,6;19501;2061,6;1181;124,9;
District of Columbia;2009;599657;8089;1348,9;145;24,2;150;25,0;4404;734,4;3390;565,3;28495;4751,9;3696;616,4;19267;3213,0;5532;922,5;
District of Columbia;2010;601723;8004;1330,2;132;21,9;187;31,1;4325;718,8;3360;558,4;28756;4778,9;4231;703,1;19489;3238,9;5036;836,9;
District of Columbia;2011;619020;7433;1200,8;108;17,4;173;27,9;4094;661,4;3058;494,0;29654;4790,5;3850;622,0;21347;3448,5;4457;720,0;
District of Columbia;2012;632323;7864;1243,7;88;13,9;236;37,3;4036;638,3;3504;554,1;30736;4860,8;3519;556,5;23556;3725,3;3661;579,0;
District of Columbia;2013;649111;8415;1296,4;103;15,9;297;45,8;4082;628,9;3835;590,8;31097;4790,7;3316;510,9;24547;3781,6;3234;498,2;
District of Columbia;2014;658893;8199;1244,4;105;15,9;352;53,4;3497;530,7;4125;626,1;34147;5182,5;3466;526,0;26898;4082,3;3783;574,1;
District of Columbia;2015;672228;8531;1269,1;162;24,1;366;54,4;3742;556,7;4133;614,8;31435;4676,2;2971;442,0;25200;3748,7;3264;485,5;
Florida;2009;18537969;113541;612,5;1017;5,5;5501;29,7;30911;166,7;76112;410,6;712010;3840,8;181884;981,1;479867;2588,6;50259;271,1;
Florida;2010;18801310;101969;542,4;987;5,2;5373;28,6;26086;138,7;69523;369,8;669035;3558,4;169119;899,5;458454;2438,4;41462;220,5;
Florida;2011;19082262;98198;514,6;984;5,2;5273;27,6;25622;134,3;66319;347,5;671200;3517,4;170171;891,8;461408;2418,0;39621;207,6;
Florida;2012;19317568;94087;487,1;1009;5,2;5260;27,2;23889;123,7;63929;330,9;632988;3276,7;153563;794,9;442095;2288,6;37330;193,2;
Florida;2013;19600311;91993;469,3;972;5,0;4765;24,3;23200;118,4;61054;311,5;607170;3097,8;138915;708,7;433344;2210,9;34911;178,1;
Florida;2014;19893297;107521;540,5;1149;5,8;6051;30,4;24914;125,2;72895;366,4;679446;3415,5;143220;719,9;493647;2481,5;42579;214,0;
Florida;2015;20271272;93626;461,9;1041;5,1;5430;26,8;21137;104,3;63895;315,2;570270;2813,2;109268;539,0;420341;2073,6;40661;200,6;
Georgia;2009;9829211;42073;428,0;566;5,8;2323;23,6;14631;148,9;24553;249,8;360985;3672,6;98606;1003,2;229216;2332,0;33163;337,4;
Georgia;2010;9687653;39072;403,3;558;5,8;2093;21,6;12373;127,7;24048;248,2;352679;3640,5;96723;998,4;225651;2329,3;30305;312,8;
Georgia;2011;9812460;36762;374,6;549;5,6;2066;21,1;12266;125,0;21881;223,0;357235;3640,6;96014;978,5;231543;2359,7;29678;302,5;
Georgia;2012;9919945;37591;378,9;581;5,9;2124;21,4;12463;125,6;22423;226,0;338329;3410,6;86789;874,9;223004;2248,0;28536;287,7;
Georgia;2013;9994759;37519;375,4;563;5,6;2022;20,2;12704;127,1;21361;213,7;339808;3399,9;83459;835,0;229190;2293,1;27159;271,7;
Georgia;2014;10097343;38097;377,3;580;5,7;2159;21,4;12417;123,0;22052;218,4;331316;3281,2;76428;756,9;228034;2258,4;26854;266,0;
Georgia;2015;10214860;38643;378,3;615;6,0;2296;22,5;12247;119,9;22557;220,8;308723;3022,3;66374;649,8;215867;2113,3;26482;259,2;
Maryland;2009;5699478;33625;590,0;440;7,7;1156;20,3;12007;210,7;20022;351,3;182295;3198,5;36905;647,5;125771;2206,7;19619;344,2;
Maryland;2010;5773552;31620;547,7;430;7,4;1227;21,3;11054;191,5;18909;327,5;173051;2997,3;36542;632,9;118458;2051,7;18051;312,6;
Maryland;2011;5839572;28817;493,5;399;6,8;1200;20,5;10342;177,1;16876;289,0;166846;2857,2;35823;613,5;114951;1968,5;16072;275,2;
Maryland;2012;5884563;28055;476,8;369;6,3;1235;21,0;10141;172,3;16310;277,2;162031;2753,5;33732;573,2;113274;1924,9;15025;255,3;
Maryland;2013;5938737;28235;475,4;384;6,5;1179;19,9;10048;169,2;16124;271,5;157918;2659,1;31950;538,0;112551;1895,2;13417;225,9;
Maryland;2014;5976407;26661;446,1;365;6,1;1144;19,1;9544;159,7;15133;253,2;149859;2507,5;28012;468,7;108745;1819,6;13102;219,2;
Maryland;2015;6006401;27462;457,2;516;8,6;1184;19,7;9863;164,2;15417;256,7;139048;2315,0;25678;427,5;100219;1668,5;13151;218,9;
North Carolina;2009;9380884;37946;404,5;489;5,2;2306;24,6;11825;126,1;23326;248,7;343707;3663,9;107830;1149,5;215923;2301,7;19954;212,7;
North Carolina;2010;9535483;34653;363,4;476;5,0;2013;21,1;9610;100,8;22554;236,5;328719;3447,3;102690;1076,9;207719;2178,4;18310;192,0;
North Carolina;2011;9651103;33421;346,3;498;5,2;1959;20,3;9448;97,9;21516;222,9;337806;3500,2;105534;1093,5;215453;2232,4;16819;174,3;
North Carolina;2012;9752073;34464;353,4;479;4,9;1984;20,3;9392;96,3;22609;231,8;328594;3369,5;99323;1018,5;213151;2185,7;16120;165,3;
North Carolina;2013;9848917;33587;341,0;463;4,7;1790;18,2;9275;94,2;21325;216,5;305631;3103,2;90182;915,7;201043;2041,3;14406;146,3;
North Carolina;2014;9943964;32767;329,5;510;5,1;1740;17,5;8416;84,6;21421;215,4;285697;2873,1;79373;798,2;192694;1937,8;13630;137,1;
North Carolina;2015;10042802;34852;347,0;517;5,1;1939;19,3;8825;87,9;22826;227,3;276183;2750,1;74841;745,2;187907;1871,1;13435;133,8;
South Carolina;2009;4561242;30799;675,2;305;6,7;1663;36,5;5753;126,1;23078;506,0;178310;3909,2;45443;996,3;119250;2614,4;13617;298,5;
South Carolina;2010;4625364;27648;597,7;280;6,1;1466;31,7;4982;107,7;20920;452,3;180407;3900,4;46156;997,9;121054;2617,2;13197;285,3;
South Carolina;2011;4673348;27894;596,9;320;6,8;1678;35,9;4631;99,1;21265;455,0;183243;3921,0;47351;1013,2;122255;2616,0;13637;291,8;
South Carolina;2012;4723723;26397;558,8;324;6,9;1679;35,5;4489;95,0;19905;421,4;180550;3822,2;45086;954,5;122263;2588,3;13201;279,5;
South Carolina;2013;4771929;24263;508,5;305;6,4;1739;36,4;3965;83,1;17760;372,2;173261;3630,8;40930;857,7;119730;2509,0;12601;264,1;
South Carolina;2014;4832482;24052;497,7;311;6,4;1480;30,6;3997;82,7;17676;365,8;167217;3460,3;36721;759,9;117594;2433,4;12902;267,0;
South Carolina;2015;4896146;24700;504,5;399;8,1;1707;34,9;3931;80,3;18073;369,1;161245;3293,3;34551;705,7;113724;2322,7;12970;264,9;
Virginia;2009;7882590;18195;230,8;370;4,7;1572;19,9;6342;80,5;9911;125,7;194020;2461,4;31956;405,4;150374;1907,7;11690;148,3;
Virginia;2010;8001024;17087;213,6;369;4,6;1532;19,1;5657;70,7;9529;119,1;186196;2327,2;30629;382,8;145019;1812,5;10548;131,8;
Virginia;2011;8104384;16014;197,6;304;3,8;1591;19,6;5425;66,9;8694;107,3;182902;2256,8;30656;378,3;142476;1758,0;9770;120,6;
Virginia;2012;8185867;15564;190,1;314;3,8;1452;17,7;4706;57,5;9092;111,1;176985;2162,1;29511;360,5;138398;1690,7;9076;110,9;
Virginia;2013;8270345;16355;197,8;320;3,9;1476;17,8;4574;55,3;9111;110,2;171558;2074,4;26717;323,0;136215;1647,0;8626;104,3;
Virginia;2014;8326289;16340;196,2;338;4,1;1432;17,2;4292;51,5;9400;112,9;160720;1930,3;23122;277,7;129933;1560,5;7665;92,1;
Virginia;2015;8382993;16399;195,6;383;4,6;1493;17,8;4441;53,0;9235;110,2;156470;1866,5;21340;254,6;127019;1515,2;8111;96,8;
West Virginia;2009;1819777;5554;305,2;84;4,6;470;25,8;914;50,2;4086;224,5;46215;2539,6;12005;659,7;31453;1728,4;2757;151,5;
West Virginia;2010;1852994;5830;314,6;62;3,3;354;19,1;828;44,7;4586;247,5;41500;2239,6;10756;580,5;28383;1531,7;2361;127,4;
West Virginia;2011;1854908;5497;296,3;87;4,7;372;20,1;802;43,2;4236;228,4;39009;2103,0;10245;552,3;26656;1437,1;2108;113,6;
West Virginia;2012;1855413;5869;316,3;72;3,9;421;22,7;838;45,2;4538;244,6;43878;2364,9;11291;608,5;30378;1637,3;2209;119,1;
West Virginia;2013;1853595;5657;305,2;62;3,3;367;19,8;653;35,2;4242;228,9;39929;2154,1;9908;534,5;28055;1513,5;1966;106,1;
West Virginia;2014;1850326;5588;302,0;74;4,0;285;15,4;651;35,2;4358;235,5;37648;2034,7;8973;484,9;26779;1447,3;1896;102,5;
West Virginia;2015;1844128;6231;337,9;70;3,8;420;22,8;760;41,2;4729;256,4;37251;2020,0;9170;497,3;25842;1401,3;2239;121,4;
Alabama;2009;4708708;21194;450,1;322;6,8;1504;31,9;6265;133,1;13103;278,3;178007;3780,4;48844;1037,3;118072;2507,5;11091;235,5;
Alabama;2010;4779736;18056;377,8;273;5,7;1349;28,2;4761;99,6;11673;244,2;168092;3516,8;42034;879,4;115458;2415,6;10600;221,8;
Alabama;2011;4803689;20166;419,8;299;6,2;1370;28,5;4906;102,1;13591;282,9;173192;3605,4;51119;1064,2;111411;2319,3;10662;222,0;
Alabama;2012;4822023;21693;449,9;342;7,1;1296;26,9;5020;104,1;15035;311,8;168878;3502,2;47481;984,7;111523;2312,8;9874;204,8;
Alabama;2013;4833996;20834;431,0;346;7,2;1449;30,0;4645;96,1;13788;285,2;161835;3347,9;42410;877,3;108862;2252,0;10563;218,5;
Alabama;2014;4849377;20727;427,4;276;5,7;1436;29,6;4701;96,9;13745;283,4;154094;3177,6;39715;819,0;104238;2149,5;10141;209,1;
Alabama;2015;4858979;22952;472,4;348;7,2;1456;30,0;4611;94,9;15954;328,3;144746;2978,9;35255;725,6;99156;2040,7;10335;212,7;
Kentucky;2009;4314113;11000;255,0;184;4,3;1531;35,5;3642;84,4;5643;130,8;108914;2524,6;29880;692,6;72938;1690,7;6096;141,3;
Kentucky;2010;4339367;10528;242,6;187;4,3;1381;31,8;3748;86,4;5212;120,1;110709;2551,3;30311;698,5;74189;1709,7;6209;143,1;
Kentucky;2011;4366814;10465;239,6;151;3,5;1499;34,3;3705;84,8;5110;117,0;119037;2725,9;32750;750,0;79586;1822,5;6701;153,5;
Kentucky;2012;4380415;9752;222,6;195;4,5;1272;29,0;3535;80,7;4750;108,4;111826;2552,9;29587;675,4;75571;1725,2;6668;152,2;
Kentucky;2013;4399583;9280;210,9;172;3,9;951;21,6;3247;73,8;4215;95,8;104448;2374,0;26331;598,5;72048;1637,6;6069;137,9;
Kentucky;2014;4413457;9340;211,6;160;3,6;883;20,0;3336;75,6;4404;99,8;99166;2246,9;23244;526,7;69604;1577,1;6318;143,2;
Kentucky;2015;4425092;9676;218,7;209;4,7;997;22,5;3307;74,7;4668;105,5;96362;2177,6;22260;503,0;66320;1498,7;7782;175,9;
Mississippi;2009;2951996;8451;286,3;194;6,6;991;33,6;2969;100,6;4297;145,6;87327;2958,2;29559;1001,3;52329;1772,7;5439;184,2;
Mississippi;2010;2967297;8003;269,7;208;7,0;927;31,2;2779;93,7;4089;137,8;88574;2985,0;30444;1026,0;52770;1778,4;5360;180,6;
Mississippi;2011;2977457;8009;269,0;232;7,8;863;29,0;2496;83,8;4418;148,4;89809;3016,3;30722;1031,8;54179;1819,6;4908;164,8;
Mississippi;2012;2984926;7786;260,8;220;7,4;822;27,5;2284;76,5;4460;149,4;83906;2811,0;28076;940,6;51508;1725,6;4322;144,8;
Mississippi;2013;2992206;8303;277,5;217;7,3;726;24,3;2413;80,6;4649;155,4;81548;2725,3;24969;834,5;52192;1744,3;4387;146,6;
Mississippi;2014;2994079;8338;278,5;258;8,6;764;25,5;2430;81,2;4592;153,4;87462;2921,2;24352;813,3;58591;1956,9;4519;150,9;
Mississippi;2015;2992333;8254;275,8;259;8,7;862;28,8;2294;76,7;4498;150,3;84790;2833,6;24799;828,8;55748;1863,0;4243;141,8;
Tennessee;2009;6296254;41933;666,0;468;7,4;2019;32,1;9653;153,3;29793;473,2;237157;3766,6;63832;1013,8;158309;2514,3;15016;238,5;
Tennessee;2010;6346105;38921;613,3;357;5,6;2138;33,7;8366;131,8;28060;442,2;232132;3657,9;64235;1012,2;153062;2411,9;14835;233,8;
Tennessee;2011;6399787;38895;607,8;380;5,9;2095;32,7;8082;126,3;28338;442,8;230900;3607,9;62830;981,8;153928;2405,2;14142;221,0;
Tennessee;2012;6456243;41550;643,6;388;6,0;2032;31,5;8169;126,5;30961;479,6;217664;3371,4;56181;870,2;148503;2300,1;12980;201,0;
Tennessee;2013;6497269;38063;585,8;335;5,2;1904;29,3;7333;112,9;27895;429,3;207683;3196,5;51334;790,1;144443;2223,1;11906;183,2;
Tennessee;2014;6549352;39848;608,4;371;5,7;1861;28,4;7265;110,9;29681;453,2;200447;3060,6;46642;712,2;141206;2156,0;12599;192,4;
Tennessee;2015;6600299;40400;612,1;406;6,2;1966;29,8;7474;113,2;29844;452,2;193796;2936,2;43247;655,2;137679;2086,0;12870;195,0;
Arkansas;2009;2889450;14905;515,8;179;6,2;1378;47,7;2576;89,2;10772;372,8;109078;3775,0;34753;1202,8;68228;2361,3;6097;211,0;
Arkansas;2010;2915918;14735;505,3;138;4,7;1312;45,0;2372;81,3;10913;374,3;103775;3558,9;32511;1114,9;65720;2253,8;5544;190,1;
Arkansas;2011;2938582;14173;482,3;160;5,4;1230;41,9;2357;80,2;10426;354,8;110430;3757,9;34016;1157,6;70645;2404,1;5769;196,3;
Arkansas;2012;2949131;13835;469,1;173;5,9;1247;42,3;2320;78,7;10095;342,3;107941;3660,1;31890;1081,3;70327;2384,7;5724;194,1;
Arkansas;2013;2958765;13705;463,2;158;5,3;1135;38,4;2261;76,4;9796;331,1;106477;3598,7;30369;1026,4;70430;2380,4;5678;191,9;
Arkansas;2014;2966369;14243;480,1;165;5,6;1182;39,8;2050;69,1;10265;346,0;99018;3338,0;24790;835,7;68627;2313,5;5601;188,8;
Arkansas;2015;2978204;15526;521,3;181;6,1;1300;43,7;2098;70,4;11316;380,0;96836;3251,5;22640;760,2;68424;2297,5;5772;193,8;
Louisiana;2009;4492076;28878;642,9;529;11,8;1351;30,1;6150;136,9;20848;464,1;172619;3842,7;46928;1044,7;114102;2540,1;11589;258,0;
Louisiana;2010;4533372;24886;549,0;510;11,2;1233;27,2;5211;114,9;17932;395,6;165357;3647,5;45435;1002,2;110029;2427,1;9893;218,2;
Louisiana;2011;4574766;25373;554,6;506;11,1;1262;27,6;5235;114,4;18370;401,6;168529;3683,9;46242;1010,8;113174;2473,9;9113;199,2;
Louisiana;2012;4601893;22868;496,9;495;10,8;1158;25,2;5475;119,0;15740;342,0;162936;3540,6;42140;915,7;112915;2453,7;7881;171,3;
Louisiana;2013;4629284;24127;521,2;494;10,7;1248;27,0;5539;119,7;16331;352,8;165679;3578,9;41214;890,3;115300;2490,7;9165;198,0;
Louisiana;2014;4649676;23934;514,7;477;10,3;992;21,3;5695;122,5;16387;352,4;160824;3458,8;38337;824,5;112596;2421,6;9891;212,7;
Louisiana;2015;4670724;25208;539,7;481;10,3;1260;27,0;5550;118,8;17454;373,7;156629;3353,4;35453;759,0;111435;2385,8;9741;208,6;
Oklahoma;2009;3687050;18560;503,4;234;6,3;1535;41,6;3358;91,1;13433;364,3;132350;3589,6;38071;1032,6;83813;2273,2;10466;283,9;
Oklahoma;2010;3751351;17987;479,5;195;5,2;1450;38,7;3337;89,0;13005;346,7;128126;3415,5;37476;999,0;80460;2144,8;10190;271,6;
Oklahoma;2011;3784163;17311;457,5;212;5,6;1410;37,3;3288;86,9;12401;327,7;127618;3372,4;36462;963,5;80064;2115,8;11092;293,1;
Oklahoma;2012;3814820;17902;469,3;216;5,7;1588;41,6;3231;84,7;12867;337,3;129743;3401,0;35731;936,6;82448;2161,3;11564;303,1;
Oklahoma;2013;3853118;17187;446,1;198;5,1;1715;44,5;3023;78,5;11652;302,4;126418;3280,9;33512;869,7;81624;2118,4;11282;292,8;
Oklahoma;2014;3878051;15744;406,0;175;4,5;1277;32,9;3048;78,6;10744;277,0;115982;2990,7;29508;760,9;75891;1956,9;10583;272,9;
Oklahoma;2015;3911338;16506;422,0;234;6,0;1352;34,6;3005;76,8;11418;291,9;112878;2885,9;28406;726,2;74022;1892,5;10450;267,2;
Texas;2009;24782302;121684;491,0;1330;5,4;8311;33,5;38022;153,4;74021;298,7;995082;4015,3;240058;968,7;678455;2737,7;76569;309,0;
Texas;2010;25145561;113231;450,3;1249;5,0;7622;30,3;32843;130,6;71517;284,4;951246;3783,0;228597;909,1;654626;2603,3;68023;270,5;
Texas;2011;25631778;104734;408,6;1130;4,4;7486;29,2;28620;111,7;67498;263,3;892810;3483,2;215755;841,7;613131;2392,1;63924;249,4;
Texas;2012;26059203;106476;408,6;1144;4,4;7711;29,6;30382;116,6;67239;258,0;876059;3361,8;204810;785,9;606253;2326,4;64996;249,4;
Texas;2013;3853118;17187;446,1;198;5,1;1715;44,5;3023;78,5;11652;302,4;126418;3280,9;33512;869,7;81624;2118,4;11282;292,8;
Texas;2014;3878051;15744;406,0;175;4,5;1277;32,9;3048;78,6;10744;277,0;115982;2990,7;29508;760,9;75891;1956,9;10583;272,9;
Texas;2015;27469114;113227;412,2;1316;4,8;8925;32,5;31934;116,3;67727;246,6;777739;2831,3;153054;557,2;557200;2028,5;67485;245,7;
Arizona;2009;6595778;28128;426,5;380;5,8;2279;34,6;8199;124,3;17270;261,8;236721;3589,0;54308;823,4;155976;2364,8;26437;400,8;
Arizona;2010;6392017;26085;408,1;409;6,4;2165;33,9;6937;108,5;16574;259,3;225893;3534,0;50771;794,3;153614;2403,2;21508;336,5;
Arizona;2011;6467315;26789;414,2;397;6,1;2499;38,6;7145;110,5;16748;259,0;229896;3554,7;54695;845,7;155400;2402,9;19801;306,2;
Arizona;2012;6553255;28108;428,9;358;5,5;2277;34,7;7386;112,7;18087;276,0;231930;3539,2;52934;807,8;159838;2439,1;19158;292,3;
Arizona;2013;6634997;27576;415,6;355;5,4;2344;35,3;6656;100,3;17391;262,1;223294;3365,4;48292;727,8;158036;2381,9;16966;255,7;
Arizona;2014;6731484;26916;399,9;319;4,7;2464;36,6;6249;92,8;16970;252,1;215240;3197,5;43562;647,1;154091;2289,1;17587;261,3;
Arizona;2015;6828065;28012;410,2;309;4,5;2294;33,6;6360;93,1;18235;267,1;207107;3033,2;37957;555,9;152365;2231,5;16785;245,8;
Colorado;2009;5024748;17022;338,8;159;3,2;2269;45,2;3371;67,1;11223;223,4;134196;2670,7;26637;530,1;95079;1892,2;12480;248,4;
Colorado;2010;5029196;16133;320,8;120;2,4;2198;43,7;3132;62,3;10683;212,4;134992;2684,2;26153;520,0;97592;1940,5;11247;223,6;
Colorado;2011;5116302;16085;314,4;155;3,0;2285;44,7;3299;64,5;10346;202,2;132781;2595,3;25725;502,8;96054;1877,4;11002;215,0;
Colorado;2012;5187582;16023;308,9;162;3,1;2113;40,7;3395;65,4;10353;199,6;139270;2684,7;26157;504,2;101021;1947,4;12092;233,1;
Colorado;2013;5272086;16099;305,4;174;3,3;2198;41,7;3136;59,5;9826;186,4;139974;2655,0;25075;475,6;102375;1941,8;12524;237,6;
Colorado;2014;5355866;16554;309,1;151;2,8;2121;39,6;3039;56,7;10325;192,8;135510;2530,1;23472;438,2;99464;1857,1;12574;234,8;
Colorado;2015;5456574;17515;321,0;176;3,2;2377;43,6;3323;60,9;10759;197,2;144136;2641,5;23454;429,8;104682;1918,5;16000;293,2;
Idaho;2009;1545801;3805;246,2;24;1,6;575;37,2;254;16,4;2952;191,0;31220;2019,7;6682;432,3;23066;1492,2;1472;95,2;
Idaho;2010;1567582;3465;221,0;21;1,3;525;33,5;214;13,7;2705;172,6;31286;1995,8;6502;414,8;23462;1496,7;1322;84,3;
Idaho;2011;1583744;3202;202,2;35;2,2;444;28,0;188;11,9;2535;160,1;32875;2075,8;6915;436,6;24629;1555,1;1331;84,0;
Idaho;2012;1595728;3318;207,9;29;1,8;479;30,0;243;15,2;2567;160,9;31651;1983,5;7186;450,3;23101;1447,7;1364;85,5;
Idaho;2013;1612843;3471;215,2;29;1,8;516;32,0;220;13,6;2548;158,0;30230;1874,3;6693;415,0;21999;1364,0;1538;95,4;
Idaho;2014;1634464;3468;212,2;32;2,0;468;28,6;204;12,5;2623;160,5;30316;1854,8;6428;393,3;22227;1359,9;1661;101,6;
Idaho;2015;1654930;3568;215,6;32;1,9;533;32,2;192;11,6;2650;160,1;28858;1743,8;6124;370,0;20863;1260,7;1871;113,1;
Montana;2009;974989;2798;287,0;32;3,3;357;36,6;228;23,4;2181;223,7;24826;2546,3;3686;378,1;19528;2002,9;1612;165,3;
Montana;2010;989415;2693;272,2;26;2,6;321;32,4;157;15,9;2189;221,2;25169;2543,8;3654;369,3;19989;2020,3;1526;154,2;
Montana;2011;997667;2755;276,1;29;2,9;366;36,7;171;17,1;2189;219,4;23885;2394,1;3347;335,5;19089;1913,4;1449;145,2;
Montana;2012;1005141;2736;272,2;27;2,7;379;37,7;191;19,0;2139;212,8;25970;2583,7;3894;387,4;20387;2028,3;1689;168,0;
Montana;2013;1014864;2924;288,1;23;2,3;382;37,6;217;21,4;2217;218,5;26195;2581,1;4122;406,2;20192;1989,6;1881;185,3;
Montana;2014;1023579;3313;323,7;37;3,6;430;42,0;203;19,8;2532;247,4;25312;2472,9;3595;351,2;19674;1922,1;2043;199,6;
Montana;2015;1032949;3611;349,6;36;3,5;431;41,7;210;20,3;2818;272,8;27100;2623,6;3838;371,6;20844;2017,9;2418;234,1;
Nevada;2009;2643085;18639;705,2;156;5,9;1024;38,7;6028;228,1;11431;432,5;80976;3063,7;22115;836,7;46463;1757,9;12398;469,1;
Nevada;2010;2700551;17841;660,6;158;5,9;965;35,7;5298;196,2;11420;422,9;74932;2774,7;22226;823,0;42521;1574,5;10185;377,1;
Nevada;2011;2720028;15452;568,1;139;5,1;913;33,6;4308;158,4;10092;371,0;70075;2576,3;20342;747,9;40156;1476,3;9577;352,1;
Nevada;2012;2758931;16763;607,6;124;4,5;931;33,7;4918;178,3;10790;391,1;77510;2809,4;22120;801,8;45372;1644,6;10018;363,1;
Nevada;2013;2791494;16888;605,0;163;5,8;1090;39,0;5183;185,7;10060;360,4;79177;2836,4;23047;825,6;46132;1652,6;9998;358,2;
Nevada;2014;2839099;18045;635,6;170;6,0;995;35,0;5954;209,7;10564;372,1;74538;2625,4;21927;772,3;42426;1494,3;10185;358,7;
Nevada;2015;2890845;20118;695,9;178;6,2;1238;42,8;6287;217,5;11965;413,9;77137;2668,3;22360;773,5;43426;1502,2;11351;392,7;
New Mexico;2009;2009671;12709;632,4;198;9,9;1069;53,2;1932;96,1;9510;473,2;74639;3714,0;21955;1092,5;46182;2298,0;6502;323,5;
New Mexico;2010;2059179;12126;588,9;142;6,9;958;46,5;1614;78,4;9412;457,1;70742;3435,4;21014;1020,5;44481;2160,1;5247;254,8;
New Mexico;2011;2078674;11904;572,7;158;7,6;856;41,2;1720;82,7;9170;441,1;73549;3538,3;21419;1030,4;46730;2248,1;5400;259,8;
New Mexico;2012;2085538;11660;559,1;116;5,6;957;45,9;1847;88,6;8740;419,1;75094;3600,7;21384;1025,3;48247;2313,4;5463;261,9;
New Mexico;2013;2086895;12990;622,5;123;5,9;1135;54,4;1832;87,8;9470;453,8;78958;3783,5;21828;1046,0;51146;2450,8;5984;286,7;
New Mexico;2014;2085572;12459;597,4;101;4,8;1071;51,4;2086;100,0;8797;421,8;73877;3542,3;18505;887,3;49082;2353,4;6290;301,6;
New Mexico;2015;2085109;13681;656,1;117;5,6;1215;58,3;2485;119,2;9407;451,2;77094;3697,4;17085;819,4;51483;2469,1;8526;408,9;
Utah;2009;2784572;5998;215,4;39;1,4;941;33,8;1304;46,8;3714;133,4;91751;3295,0;15258;547,9;69556;2497,9;6937;249,1;
Utah;2010;2763885;5879;212,7;53;1,9;948;34,3;1268;45,9;3610;130,6;87880;3179,6;15017;543,3;66914;2421,0;5949;215,2;
Utah;2011;2814347;5547;197,1;50;1,8;901;32,0;1079;38,3;3517;125,0;84084;2987,7;13170;468,0;64727;2299,9;6187;219,8;
Utah;2012;2855287;5876;205,8;50;1,8;943;33,0;1100;38,5;3783;132,5;85424;2991,8;12943;453,3;66482;2328,4;5999;210,1;
Utah;2013;2902787;6644;228,9;51;1,8;926;31,9;1247;43,0;3824;131,7;88334;3043,1;13727;472,9;67115;2312,1;7492;258,1;
Utah;2014;2942902;6346;215,6;67;2,3;945;32,1;1312;44,6;3513;119,4;84711;2878,5;11518;391,4;65895;2239,1;7298;248,0;
Utah;2015;2995919;7071;236,0;54;1,8;1098;36,6;1326;44,3;4046;135,1;89278;2980,0;12468;416,2;68103;2273,2;8707;290,6;
Wyoming;2009;544270;1196;219,7;11;2,0;172;31,6;78;14,3;935;171,8;14243;2616,9;2176;399,8;11310;2078,0;757;139,1;
Wyoming;2010;563626;1104;195,9;8;1,4;164;29,1;76;13,5;856;151,9;13874;2461,6;2149;381,3;11134;1975,4;591;104,9;
Wyoming;2011;567356;1245;219,4;18;3,2;146;25,7;71;12,5;1010;178,0;12878;2269,8;1864;328,5;10493;1849,5;521;91,8;
Wyoming;2012;576412;1161;201,4;14;2,4;154;26,7;61;10,6;932;161,7;13222;2293,8;2125;368,7;10513;1823,9;584;101,3;
Wyoming;2013;583223;1212;207,8;17;2,9;144;24,7;74;12,7;917;157,2;12809;2196,2;1956;335,4;10275;1761,8;578;99,1;
Wyoming;2014;584153;1142;195,5;16;2,7;126;21,6;53;9,1;899;153,9;11477;1964,7;1689;289,1;9185;1572,4;603;103,2;
Wyoming;2015;586107;1302;222,1;16;2,7;125;21,3;59;10,1;1054;179,8;11151;1902,6;1762;300,6;8797;1500,9;592;101,0;
Alaska;2009;698473;4424;633,4;22;3,1;513;73,4;654;93,6;3235;463,2;20538;2940,4;3600;515,4;15251;2183,5;1687;241,5;
Alaska;2010;710231;4537;638,8;31;4,4;533;75,0;594;83,6;3379;475,8;20259;2852,5;3105;437,2;15535;2187,3;1619;228,0;
Alaska;2011;723860;4416;610,1;30;4,1;436;60,2;576;79,6;3374;466,1;19094;2637,8;2852;394,0;14854;2052,1;1388;191,7;
Alaska;2012;731449;4412;603,2;30;4,1;583;79,7;630;86,1;3169;433,2;20037;2739,4;2950;403,3;15565;2128,0;1522;208,1;
Alaska;2013;737259;4709;638,7;34;4,6;657;89,1;623;84,5;3127;424,1;21211;2877,0;2917;395,7;16599;2251,4;1695;229,9;
Alaska;2014;736732;4684;635,8;41;5,6;555;75,3;629;85,4;3243;440,2;20334;2760,0;3150;427,6;15445;2096,4;1739;236,0;
Alaska;2015;738432;5392;730,2;59;8,0;650;88,0;761;103,1;3671;497,1;20806;2817,6;3511;475,5;15249;2065,1;2046;277,1;
California;2009;36961664;174934;473,3;1972;5,3;8713;23,6;64093;173,4;100156;271,0;1009433;2731,0;230198;622,8;615402;1665,0;163833;443,3;
California;2010;37253956;164133;440,6;1809;4,9;8331;22,4;58116;156,0;95877;257,4;981939;2635,8;228857;614,3;600558;1612,1;152524;409,4;
California;2011;37683933;154943;411,2;1792;4,8;7665;20,3;54291;144,1;91195;242,0;973822;2584,2;230075;610,5;596905;1584,0;146842;389,7;
California;2012;38041430;160944;423,1;1884;5,0;7837;20,6;56521;148,6;94702;248,9;1049465;2758,7;245767;646,1;635090;1669,5;168608;443,2;
California;2013;38431393;154739;402,6;1746;4,5;7464;19,4;53640;139,6;89029;231,7;1018907;2651,2;232058;603,8;621557;1617,3;165292;430,1;
California;2014;38802500;153709;396,1;1699;4,4;8398;21,6;48680;125,5;91803;236,6;947192;2441,1;202670;522,3;592670;1527,4;151852;391,3;
California;2015;39144818;166883;426,3;1861;4,8;9387;24,0;52862;135,0;99349;253,8;1024914;2618,3;197404;504,3;656517;1677,1;170993;436,8;
Hawaii;2009;1295178;3550;274,1;23;1,8;385;29,7;1030;79,5;2112;163,1;47516;3668,7;9244;713,7;33415;2580,0;4857;375,0;
Hawaii;2010;1360301;3574;262,7;24;1,8;365;26,8;1054;77,5;2131;156,7;45083;3314,2;8663;636,8;31320;2302,4;5100;374,9;
Hawaii;2011;1378129;3465;251,4;20;1,5;353;25,6;994;72,1;2098;152,2;43874;3183,6;8165;592,5;31240;2266,8;4469;324,3;
Hawaii;2012;1392313;3330;239,2;29;2,1;285;20,5;1040;74,7;1976;141,9;42817;3075,2;7979;573,1;31233;2243,2;3605;258,9;
Hawaii;2013;1408987;3585;254,4;32;2,3;366;26,0;934;66,3;2111;149,8;45266;3212,7;7777;552,0;32928;2337,0;4561;323,7;
Hawaii;2014;1419561;3680;259,2;26;1,8;314;22,1;1107;78,0;2102;148,1;43297;3050,0;7778;547,9;31640;2228,9;3879;273,3;
Hawaii;2015;1431603;4201;293,4;19;1,3;400;27,9;1203;84,0;2418;168,9;54346;3796,2;6557;458,0;42010;2934,5;5779;403,7;
Oregon;2009;3825657;9968;260,6;88;2,3;1202;31,4;2499;65,3;6179;161,5;114780;3000,3;19739;516,0;85064;2223,5;9977;260,8;
Oregon;2010;3831074;9655;252,0;91;2,4;1214;31,7;2390;62,4;5960;155,6;115428;3012,9;19637;512,6;86879;2267,7;8912;232,6;
Oregon;2011;3868229;9643;249,3;84;2,2;1239;32,0;2237;57,8;6083;157,3;121869;3150,5;20704;535,2;92059;2379,9;9106;235,4;
Oregon;2012;3899353;9653;247,6;92;2,4;1140;29,2;2413;61,9;6008;154,1;125723;3224,2;21901;561,7;93619;2400,9;10203;261,7;
Oregon;2013;3928068;9536;242,8;82;2,1;1000;25,5;2394;60,9;5596;142,5;125083;3184,3;20808;529,7;94363;2402,3;9912;252,3;
Oregon;2014;3970239;9224;232,3;81;2,0;1052;26,5;2093;52,7;5592;140,8;114305;2879,0;17230;434,0;87526;2204,6;9549;240,5;
Oregon;2015;4028977;10468;259,8;99;2,5;1164;28,9;2146;53,3;6630;164,6;118719;2946,6;18336;455,1;89836;2229,7;10547;261,8;
Washington;2009;6664195;22412;336,3;190;2,9;2583;38,8;6711;100,7;12928;194,0;245215;3679,6;53047;796,0;168421;2527,3;23747;356,3;
Washington;2010;6724540;21101;313,8;152;2,3;2562;38,1;5929;88,2;12458;185,3;249253;3706,6;55164;820,3;168360;2503,7;25729;382,6;
Washington;2011;6823267;20152;295,3;163;2,4;2320;34,0;5627;82,5;12042;176,5;244209;3579,1;56561;828,9;162828;2386,4;24820;363,8;
Washington;2012;6897012;20386;295,6;206;3,0;2193;31,8;5745;83,3;12242;177,5;252333;3658,6;60725;880,5;165206;2395,3;26402;382,8;
Washington;2013;6973742;20223;290,0;167;2,4;2072;29,7;5829;83,6;11623;166,7;259139;3715,9;58487;838,7;172227;2469,6;28425;407,6;
Washington;2014;7061530;20136;285,2;174;2,5;2171;30,7;5640;79,9;11627;164,7;261706;3706,1;55290;783,0;175769;2489,1;30647;434,0;
Washington;2015;7170351;20394;284,4;211;2,9;2193;30,6;5449;76,0;12029;167,8;248369;3463,8;50993;711,2;170509;2378,0;26867;374,7;